<?xml version="1.0" encoding="UTF-8"?>

<configuration scan="true" scanPeriod="30 seconds">
    <contextListener
            class="ch.qos.logback.classic.jul.LevelChangePropagator">
        <resetJUL>true</resetJUL>
    </contextListener>
    <!-- Console appender -->
    <appender name="CONSOLE"
              class="ch.qos.logback.core.ConsoleAppender">
        <encoder>
            <pattern>{"timestamp": "%d","appNum":"%X{appNum}", "formType" :"%X{formType}", "thread":"%thread", "log_level":"%-5level", "logger":"%logger{36}" ,"messages": "%msg", "additionalKeys":“[%X]"}%n
            </pattern>
        </encoder>
    </appender>
    <logger name="gov.state.nextgen.application.submission">
        <level value="INFO"/>
    </logger>
    <logger name="org.springframework.core">
        <level value="error"/>
    </logger>
    <logger name="org.springframework.beans">
        <level value="error"/>
    </logger>
    <logger name="org.springframework.context">
        <level value="error"/>
    </logger>
    <logger name="org.springframework.web">
        <level value="info"/>
    </logger>
    <logger name="org.hibernate.type.descriptor.sql">
        <level value="error"/>
    </logger>
    <logger name="org.hibernate.SQL">
        <level value="error"/>
    </logger>
    <root level="INFO">
        <appender-ref ref="CONSOLE"/>
    </root>

</configuration>